segment,label,speaker,start,end
[ 00:00:00.030 -->  00:00:13.649],B,SPEAKER_01,0.03096875,13.649093750000002
[ 00:00:13.649 -->  00:00:18.255],A,SPEAKER_00,13.649093750000002,18.25596875
[ 00:00:18.694 -->  00:00:21.833],A,SPEAKER_00,18.69471875,21.83346875
[ 00:00:22.221 -->  00:00:24.938],C,SPEAKER_02,22.22159375,24.938468750000002
